<!-- liblinks.xml

     Code Red Technologies "Smart update wizard" script file
     When executed on a particular application project, will
     add appropriate links to the specified library project.

     Note that this script assumes that the application project
     contains the standard 'Debug' and 'Release' build 
     configurations.
-->

<project name="" update="true">
	<setting id="all.compiler.inc">
		<value>${workspace_loc:/Configuration/inc}</value>
        </setting>
	<setting id="linker.libs">
		<value>Configuration</value>
	</setting>
	<setting id="linker.paths" buildType="Debug">
		<value>${workspace_loc:/Configuration/Debug}</value>
	</setting>
	<setting id="linker.paths" buildType="Release">
		<value>${workspace_loc:/Configuration/Release}</value>
	</setting>
	<setting id="linker.paths" buildType="Debug">
		<value>${workspace_loc:/Libraries/Debug}</value>
	</setting>
	<setting id="linker.paths" buildType="Release">
		<value>${workspace_loc:/Libraries/Release}</value>
	</setting>
	<setting id="linker.paths" buildType="Debug">
		<value>${workspace_loc:/Applications/Debug}</value>
	</setting>
	<setting id="linker.paths" buildType="Release">
		<value>${workspace_loc:/Applications/Release}</value>
	</setting>
	<requires msg="Library project `Configuration` not found">
		<value>Configuration</value>
	</requires>
</project>

